{
  "overall": {
    "d1": 0.0,
    "d2": 4.327391392212686e-07,
    "d3": 4.327391392212686e-07,
    "absrel": 3.5651044810786976,
    "sq_rel": 0.8395627146656592,
    "rmse": 0.2305398214160828,
    "rmse_log": 1.50651619554833,
    "log10": 0.644961232117596,
    "silog": 1.0802141252253543
  },
  "per_dataset": {
    "EndoNeRF": {
      "d1": 0.0,
      "d2": 4.327391392212686e-07,
      "d3": 4.327391392212686e-07,
      "absrel": 3.5651044810786976,
      "sq_rel": 0.8395627146656592,
      "rmse": 0.2305398214160828,
      "rmse_log": 1.50651619554833,
      "log10": 0.644961232117596,
      "silog": 1.0802141252253543
    }
  },
  "pred_stats": {
    "count": 2310861,
    "min": 0.30000001192092896,
    "max": 0.30000001192092896,
    "mean": 0.3000000341458227,
    "std": 7.625569492785107e-05,
    "bin_size": 0.001,
    "hist_min": 0.3,
    "hist_max": 0.301,
    "histogram": [
      {
        "range_start": 0.3,
        "range_end": 0.301,
        "count": 2310861
      },
      {
        "range_start": 0.301,
        "range_end": 0.302,
        "count": 0
      }
    ]
  }
}