dataset,sampled_files,value_count,quantile_25,quantile_50,quantile_75,mean,variance
Kidney3D,4000,591200231,0.001908,0.003817,0.006644,0.004414,0.000008
Kidney3D_eval,1000,147434893,0.001992,0.003985,0.006910,0.004600,0.000008
Kidney3D_train,3000,443765338,0.001882,0.003764,0.006541,0.004353,0.000008
